Literals;Index;ApproxTime;ApproxTimeout;ApproxStatus;ASPSimpleTime;ASPSimpleTimeout;ASPSimpleStatus;ASPGeneralTime;ASPGeneralTimeout;ASPGeneralStatus
200;46;0,030132055282592773;0;75;0,021883249282836914;0;75;1,4064197540283203;0;75
150;46;0,020807981491088867;0;50;0,017521142959594727;0;51;0,7820994853973389;0;51
200;24;0,029527902603149414;0;116;0,020578384399414062;0;116;1,2217299938201904;0;116
50;94;0,008178949356079102;0;19;0,009326696395874023;0;19;0,06087088584899902;0;19
500;87;0,11112165451049805;0;232;0,05311417579650879;0;232;10,16194224357605;0;232
500;27;0,11556577682495117;0;229;0,04532980918884277;0;229;9,588077306747437;0;229
50;68;0,007901668548583984;0;25;0,009502410888671875;0;25;0,055275678634643555;0;25
200;28;0,029334068298339844;0;104;0,020854711532592773;0;104;1,344902753829956;0;104
50;67;0,007787466049194336;0;18;0,009366512298583984;0;18;0,058022260665893555;0;18
100;16;0,013194084167480469;0;47;0,01414632797241211;0;47;0,3386878967285156;0;47
200;40;0,028217315673828125;0;102;0,021596431732177734;0;102;1,3238096237182617;0;102
500;94;0,11274504661560059;0;279;0,04516196250915527;0;282;9,031795263290405;0;282
150;27;0,021305084228515625;0;76;0,017778635025024414;0;78;0,8131186962127686;0;78
100;28;0,012940168380737305;0;52;0,012521505355834961;0;52;0,25766658782958984;0;52
100;29;0,013213872909545898;0;37;0,012956380844116211;0;37;0,2972829341888428;0;37
500;13;0,11543107032775879;0;229;0,049340009689331055;0;229;9,593241214752197;0;229
100;65;0,013788938522338867;0;57;0,01309967041015625;0;57;0,25942206382751465;0;57
100;4;0,013812541961669922;0;57;0,013090372085571289;0;57;0,28310298919677734;0;57
50;8;0,008274555206298828;0;19;0,009016275405883789;0;19;0,07469367980957031;0;19
250;10;0,04303097724914551;0;127;0,02386188507080078;0;127;2,050682783126831;0;127
150;30;0,022357702255249023;0;72;0,01645636558532715;0;72;0,7033932209014893;0;72
100;98;0,013172388076782227;0;53;0,012665748596191406;0;53;0,27660560607910156;0;53
150;73;0,020563364028930664;0;48;0,01750040054321289;0;49;0,7892966270446777;0;49
250;47;0,03773164749145508;0;124;0,024957656860351562;0;124;2,3255865573883057;0;124
500;76;0,11613631248474121;0;258;0,04705381393432617;0;258;10,076803922653198;0;258
100;82;0,013839006423950195;0;42;0,013580799102783203;0;43;0,29477953910827637;0;43
1000;67;0,35071873664855957;0;514;0,10749983787536621;0;514;46,42637658119202;0;514
200;12;0,032067298889160156;0;96;0,022434473037719727;0;96;1,3583431243896484;0;96
250;93;0,04027962684631348;0;124;0,025154590606689453;0;124;2,1369986534118652;0;124
50;49;0,008146286010742188;0;23;0,009570837020874023;0;23;0,07086873054504395;0;23
150;69;0,02217698097229004;0;69;0,017623424530029297;0;69;0,838996410369873;0;69
250;38;0,03854107856750488;0;123;0,024998903274536133;0;123;2,222975254058838;0;123
200;96;0,029629945755004883;0;94;0,02170729637145996;0;96;1,3164334297180176;0;96
100;81;0,01395559310913086;0;51;0,013058900833129883;0;51;0,2677955627441406;0;51
150;88;0,019994497299194336;0;50;0,01712965965270996;0;50;0,8735930919647217;0;50
250;67;0,041372060775756836;0;102;0,025333642959594727;0;102;2,382197141647339;0;102
250;21;0,03840136528015137;0;113;0,02596449851989746;0;113;2,383423089981079;0;113
150;53;0,02122974395751953;0;76;0,01790761947631836;0;76;0,7175579071044922;0;76
50;54;0,007619142532348633;0;32;0,009005069732666016;0;32;0,05629706382751465;0;32
100;32;0,012558460235595703;0;44;0,013382196426391602;0;44;0,30729126930236816;0;44
50;65;0,007721662521362305;0;19;0,009038448333740234;0;19;0,06251192092895508;0;19
200;16;0,03130149841308594;0;82;0,021592140197753906;0;82;1,455993890762329;0;82
50;61;0,011589765548706055;0;20;0,008938789367675781;0;21;0,059346675872802734;0;21
150;2;0,022295236587524414;0;60;0,018014907836914062;0;61;0,8091816902160645;0;61
100;68;0,013355731964111328;0;46;0,013085603713989258;0;46;0,274186372756958;0;46
50;44;0,00802922248840332;0;23;0,009118080139160156;0;24;0,07189035415649414;0;24
1000;66;0,3622853755950928;0;483;0,10061097145080566;0;483;45,8998818397522;0;483
1000;16;0,3651316165924072;0;490;0,10094499588012695;0;490;44,37832450866699;0;490
150;17;0,02123880386352539;0;71;0,017982959747314453;0;71;0,7708632946014404;0;71
250;18;0,038510799407958984;0;135;0,024070024490356445;0;135;1,9950199127197266;0;135
150;9;0,020034074783325195;0;78;0,01717352867126465;0;78;0,7141451835632324;0;78
250;6;0,039890289306640625;0;115;0,02509140968322754;0;115;2,012920618057251;0;115
200;41;0,029329299926757812;0;98;0,02075791358947754;0;98;1,4755640029907227;0;98
150;39;0,020451784133911133;0;66;0,016721248626708984;0;66;0,655876874923706;0;66
50;98;0,00836944580078125;0;18;0,00896143913269043;0;18;0,0762929916381836;0;18
500;82;0,11439180374145508;0;246;0,053200483322143555;0;246;9,440797805786133;0;246
1000;40;0,3504326343536377;0;489;0,10982966423034668;0;489;45,925747871398926;0;489
150;72;0,020869731903076172;0;67;0,018140554428100586;0;67;0,7892446517944336;0;67
100;51;0,013716459274291992;0;47;0,012861251831054688;0;47;0,30025672912597656;0;47
500;55;0,1111457347869873;0;227;0,04794454574584961;0;227;10,09631061553955;0;227
100;1;0,014390945434570312;0;48;0,013444662094116211;0;48;0,3068051338195801;0;48
150;87;0,019320011138916016;0;91;0,015526533126831055;0;91;0,5914154052734375;0;91
200;43;0,030447006225585938;0;82;0,020995140075683594;0;82;1,335745096206665;0;82
500;8;0,11293363571166992;0;242;0,050023794174194336;0;242;10,534500122070312;0;242
100;52;0,013742446899414062;0;57;0,013494729995727539;0;57;0,27240443229675293;0;57
250;96;0,038904428482055664;0;102;0,0256502628326416;0;102;2,183345317840576;0;102
250;75;0,037885427474975586;0;140;0,023324012756347656;0;141;1,786515712738037;0;141
100;54;0,013879537582397461;0;46;0,013263225555419922;0;46;0,32891201972961426;0;46
200;71;0,029266834259033203;0;70;0,02185678482055664;0;70;1,5043573379516602;0;70
1000;1;0,35356783866882324;0;484;0,1116783618927002;0;484;47,5774302482605;0;484
50;29;0,008111953735351562;0;30;0,009443044662475586;0;30;0,05085396766662598;0;30
1000;56;0,3661365509033203;0;455;0,1087954044342041;0;455;49,620067834854126;0;455
1000;37;0,38533473014831543;0;458;0,11031246185302734;0;458;48,011441707611084;0;458
150;79;0,02184891700744629;0;56;0,0181121826171875;0;62;0,8004651069641113;0;62
150;89;0,020487308502197266;0;76;0,016784191131591797;0;77;0,7602822780609131;0;77
250;23;0,040308475494384766;0;114;0,02497696876525879;0;114;2,1371424198150635;0;114
200;53;0,029758691787719727;0;121;0,0198824405670166;0;121;1,1664841175079346;0;121
500;49;0,11571311950683594;0;223;0,04486656188964844;0;223;9,680092096328735;0;223
100;79;0,014287948608398438;0;42;0,013649940490722656;0;42;0,3448202610015869;0;42
500;37;0,1123039722442627;0;228;0,049983978271484375;0;228;10,467635154724121;0;228
50;27;0,008402824401855469;0;24;0,009402036666870117;0;25;0,06450915336608887;0;25
150;65;0,021170616149902344;0;74;0,01736903190612793;0;75;0,7676265239715576;0;75
100;53;0,014174222946166992;0;54;0,012789487838745117;0;54;0,27693629264831543;0;54
250;86;0,03816938400268555;0;126;0,024967670440673828;0;126;2,0116405487060547;0;126
1000;58;0,3552992343902588;0;479;0,1055295467376709;0;479;43,916274070739746;0;479
1000;38;0,376950740814209;0;484;0,09910297393798828;0;485;45,76296591758728;0;485
150;19;0,020041704177856445;0;71;0,01719951629638672;0;71;0,7291233539581299;0;71
1000;50;0,3634982109069824;0;494;0,10713720321655273;0;494;45,0799834728241;0;494
500;70;0,12003087997436523;0;248;0,04972982406616211;0;249;9,218528985977173;0;249
200;86;0,02869415283203125;0;107;0,02151799201965332;0;107;1,2131805419921875;0;107
50;90;0,00907444953918457;0;19;0,009509563446044922;0;19;0,07617831230163574;0;19
200;50;0,030011653900146484;0;79;0,021106719970703125;0;81;1,2446718215942383;0;81
50;36;0,007835865020751953;0;19;0,009526968002319336;0;19;0,06942510604858398;0;19
50;53;0,007639408111572266;0;21;0,009630203247070312;0;22;0,06225109100341797;0;22
200;69;0,029217243194580078;0;82;0,026361942291259766;0;82;1,3839056491851807;0;82
100;61;0,013964414596557617;0;37;0,01339578628540039;0;37;0,29727697372436523;0;37
150;34;0,02063131332397461;0;68;0,017562389373779297;0;68;0,8143293857574463;0;68
200;36;0,029844999313354492;0;100;0,023758411407470703;0;100;1,4415371417999268;0;100
1000;39;0,34955692291259766;0;477;0,09113574028015137;0;477;46,27248287200928;0;477
100;72;0,014077901840209961;0;46;0,013906240463256836;0;48;0,3818049430847168;0;48
100;76;0,013924121856689453;0;42;0,014153480529785156;0;42;0,31951427459716797;0;42
50;91;0,007370471954345703;0;21;0,009272336959838867;0;22;0,06648135185241699;0;22
100;44;0,012748241424560547;0;62;0,015110492706298828;0;62;0,2784097194671631;0;62
500;51;0,11741757392883301;0;225;0,05116605758666992;0;225;9,971553325653076;0;225
50;28;0,008153438568115234;0;25;0,009127140045166016;0;25;0,05995345115661621;0;25
1000;33;0,3704392910003662;0;534;0,10182785987854004;0;535;44,12189435958862;0;535
50;5;0,009649038314819336;0;24;0,009827136993408203;0;24;0,08052754402160645;0;24
150;75;0,027690649032592773;0;76;0,016935110092163086;0;76;0,7597253322601318;0;76
500;88;0,1150064468383789;0;232;0,051076650619506836;0;232;9,381293296813965;0;232
250;7;0,04118466377258301;0;132;0,02525162696838379;0;134;2,1354830265045166;0;134
50;59;0,007952451705932617;0;20;0,009581804275512695;0;20;0,06688427925109863;0;20
100;39;0,017078399658203125;0;51;0,01312398910522461;0;51;0,2727351188659668;0;51
1000;24;0,35012245178222656;0;475;0,08806467056274414;0;475;48,529629707336426;0;475
1000;71;0,3690965175628662;0;491;0,11368560791015625;0;491;49,15188121795654;0;491
50;97;0,007379055023193359;0;24;0,009549140930175781;0;24;0,07366681098937988;0;24
50;30;0,007917404174804688;0;30;0,01068568229675293;0;30;0,05983781814575195;0;30
150;48;0,02084207534790039;0;64;0,01783609390258789;0;64;0,7006301879882812;0;64
500;71;0,11440539360046387;0;211;0,05016517639160156;0;211;11,268901348114014;0;211
50;31;0,008084535598754883;0;17;0,009384632110595703;0;17;0,06499576568603516;0;17
250;49;0,041080474853515625;0;114;0,02511763572692871;0;114;2,1964521408081055;0;114
500;9;0,11623263359069824;0;251;0,049484968185424805;0;252;10,039000511169434;0;252
200;1;0,029244422912597656;0;107;0,022103309631347656;0;107;1,2926111221313477;0;107
250;98;0,0393674373626709;0;103;0,025684833526611328;0;103;2,380720376968384;0;103
150;76;0,020407676696777344;0;72;0,016757965087890625;0;72;0,706850528717041;0;72
200;6;0,028420448303222656;0;118;0,021903514862060547;0;118;1,202974796295166;0;118
200;32;0,029166460037231445;0;86;0,021162748336791992;0;86;1,2808396816253662;0;86
100;46;0,013612508773803711;0;47;0,013086795806884766;0;47;0,31905484199523926;0;47
150;99;0,020099639892578125;0;62;0,017154932022094727;0;63;0,7311835289001465;0;63
100;14;0,013083934783935547;0;43;0,013570547103881836;0;43;0,32781314849853516;0;43
150;35;0,0201873779296875;0;73;0,01673746109008789;0;73;0,6884253025054932;0;73
500;23;0,11361551284790039;0;263;0,04913783073425293;0;264;10,261546611785889;0;264
150;24;0,021283626556396484;0;66;0,01731109619140625;0;66;0,7014687061309814;0;66
500;10;0,11202144622802734;0;225;0,05069851875305176;0;226;10,537605285644531;0;226
1000;34;0,36421751976013184;0;524;0,10611867904663086;0;527;41,93625617027283;0;527
250;30;0,04264664649963379;0;106;0,026988744735717773;0;107;2,458482503890991;0;107
150;83;0,021340131759643555;0;73;0,016339540481567383;0;73;0,7069294452667236;0;73
500;61;0,11632180213928223;0;244;0,04970669746398926;0;247;9,740562677383423;0;247
50;18;0,008225202560424805;0;23;0,009352445602416992;0;23;0,060214996337890625;0;23
250;14;0,038908958435058594;0;117;0,025345802307128906;0;117;2,188349962234497;0;117
200;29;0,02986311912536621;0;94;0,020938396453857422;0;94;1,3028712272644043;0;94
1000;36;0,3669314384460449;0;515;0,10245013236999512;0;515;46,09024977684021;0;515
500;22;0,1312246322631836;0;216;0,05256295204162598;0;219;10,140411853790283;0;219
150;54;0,02135300636291504;0;70;0,01788616180419922;0;70;0,8023669719696045;0;70
50;48;0,007840633392333984;0;32;0,008727073669433594;0;32;0,049672603607177734;0;32
200;18;0,030118703842163086;0;83;0,024161577224731445;0;83;1,409637689590454;0;83
50;78;0,00801229476928711;0;30;0,009251832962036133;0;30;0,05122661590576172;0;30
200;73;0,02833867073059082;0;98;0,022368907928466797;0;100;1,218705177307129;0;100
500;3;0,11150598526000977;0;239;0,04889965057373047;0;239;10,09002423286438;0;239
500;34;0,11167216300964355;0;261;0,05096292495727539;0;261;10,80266785621643;0;261
50;88;0,008180379867553711;0;24;0,009399652481079102;0;24;0,06652235984802246;0;24
200;76;0,029395580291748047;0;98;0,02137160301208496;0;102;1,598797082901001;0;102
100;21;0,014524221420288086;0;41;0,013445138931274414;0;41;0,4112100601196289;0;41
500;29;0,11117148399353027;0;267;0,04831099510192871;0;267;9,194509983062744;0;267
250;74;0,03988242149353027;0;107;0,026479482650756836;0;107;2,1806366443634033;0;107
50;12;0,008296728134155273;0;29;0,009255170822143555;0;29;0,0537569522857666;0;29
1000;42;0,350949764251709;0;501;0,10677814483642578;0;501;47,56688928604126;0;501
50;70;0,00852656364440918;0;17;0,01002955436706543;0;17;0,10329484939575195;0;17
50;38;0,008234262466430664;0;18;0,00972294807434082;0;18;0,06988525390625;0;18
50;40;0,007708072662353516;0;28;0,00945281982421875;0;28;0,06280779838562012;0;28
150;82;0,022449493408203125;0;62;0,018610000610351562;0;62;0,7692000865936279;0;62
200;48;0,030055761337280273;0;104;0,020984649658203125;0;104;1,5008821487426758;0;104
500;63;0,11594653129577637;0;259;0,046302080154418945;0;265;9,678534269332886;0;265
250;83;0,045079708099365234;0;85;0,026621341705322266;0;85;2,2671799659729004;0;85
200;61;0,030101537704467773;0;89;0,02111029624938965;0;89;1,4045219421386719;0;89
50;6;0,008118629455566406;0;22;0,008943319320678711;0;22;0,05457305908203125;0;22
500;4;0,11203408241271973;0;240;0,05407214164733887;0;240;10,286450624465942;0;240
150;57;0,02226567268371582;0;63;0,018349170684814453;0;65;0,8439233303070068;0;65
50;62;0,007566213607788086;0;16;0,009211063385009766;0;18;0,08052396774291992;0;18
150;95;0,021851539611816406;0;69;0,016864776611328125;0;69;0,7086336612701416;0;69
200;5;0,028796672821044922;0;99;0,02085089683532715;0;99;1,3776953220367432;0;99
1000;53;0,36411499977111816;0;518;0,11235523223876953;0;518;46,544702768325806;0;518
500;97;0,11858415603637695;0;263;0,05071568489074707;0;263;9,071664094924927;0;263
150;0;0,021822452545166016;0;84;0,017042875289916992;0;84;0,7653424739837646;0;84
150;23;0,02127218246459961;0;54;0,0177919864654541;0;54;0,8530452251434326;0;54
500;20;0,11155223846435547;0;202;0,04894232749938965;0;203;11,037004470825195;0;203
250;81;0,03892660140991211;0;142;0,02482748031616211;0;142;1,788468599319458;0;142
1000;43;0,3612055778503418;0;474;0,11394333839416504;0;476;46,66979503631592;0;476
1000;52;0,36270809173583984;0;451;0,10578227043151855;0;451;48,62218379974365;0;451
250;4;0,04199695587158203;0;121;0,025902748107910156;0;121;2,2085776329040527;0;121
250;15;0,03941655158996582;0;113;0,02587580680847168;0;113;2,0573155879974365;0;113
200;4;0,028994321823120117;0;104;0,0201261043548584;0;104;1,1870641708374023;0;104
250;50;0,03786420822143555;0;137;0,0242922306060791;0;137;1,960387945175171;0;137
200;59;0,029061555862426758;0;103;0,021318912506103516;0;106;1,5066521167755127;0;106
500;72;0,11369013786315918;0;246;0,04977273941040039;0;246;10,491773128509521;0;246
150;42;0,021983623504638672;0;76;0,01743483543395996;0;76;0,7435505390167236;0;76
200;52;0,02993488311767578;0;101;0,02009129524230957;0;103;1,2670323848724365;0;103
200;72;0,028750181198120117;0;107;0,021861791610717773;0;107;1,5549890995025635;0;107
200;57;0,0299069881439209;0;90;0,02128291130065918;0;90;1,3963065147399902;0;90
250;77;0,03948497772216797;0;114;0,024450302124023438;0;114;2,221600294113159;0;114
500;35;0,11899185180664062;0;249;0,04826545715332031;0;260;9,644696474075317;0;260
100;5;0,01354217529296875;0;60;0,014006614685058594;0;60;0,26047754287719727;0;60
150;64;0,01917409896850586;0;75;0,016213178634643555;0;75;0,6315550804138184;0;75
150;1;0,020020723342895508;0;77;0,016614198684692383;0;77;0,6834461688995361;0;77
250;94;0,04017043113708496;0;106;0,02646040916442871;0;106;2,525667190551758;0;106
500;77;0,11217474937438965;0;244;0,04978656768798828;0;246;9,167293310165405;0;246
500;92;0,11612987518310547;0;235;0,050176382064819336;0;235;10,542797803878784;0;235
250;59;0,039328575134277344;0;132;0,025357723236083984;0;132;2,00780987739563;0;132
200;44;0,028611421585083008;0;102;0,02116847038269043;0;102;1,2950735092163086;0;102
250;12;0,03851151466369629;0;97;0,027498483657836914;0;97;2,4460887908935547;0;97
250;89;0,04049515724182129;0;124;0,02444911003112793;0;124;2,137319564819336;0;124
50;73;0,007721424102783203;0;13;0,010046720504760742;0;13;0,07011055946350098;0;13
50;47;0,007867574691772461;0;20;0,010738134384155273;0;20;0,0631718635559082;0;20
150;52;0,0203092098236084;0;59;0,018317461013793945;0;59;0,8372220993041992;0;59
100;73;0,01352834701538086;0;41;0,012735843658447266;0;41;0,2885744571685791;0;41
1000;31;0,35451412200927734;0;475;0,1138911247253418;0;475;48,69507551193237;0;475
150;56;0,023489952087402344;0;65;0,01786041259765625;0;65;0,7954602241516113;0;65
1000;95;0,35672903060913086;0;494;0,11195659637451172;0;495;47,27493762969971;0;495
1000;97;0,3681912422180176;0;494;0,09843945503234863;0;495;43,13438415527344;0;495
500;66;0,11335110664367676;0;262;0,050965309143066406;0;263;8,994291067123413;0;263
50;0;0,00880885124206543;0;19;0,009677886962890625;0;19;0,07695865631103516;0;19
200;65;0,030946731567382812;0;93;0,02085423469543457;0;93;1,2514612674713135;0;93
1000;23;0,3508341312408447;0;515;0,11225605010986328;0;515;48,57003045082092;0;515
50;7;0,008085012435913086;0;25;0,009360313415527344;0;27;0,06373405456542969;0;27
100;75;0,01416921615600586;0;50;0,01440882682800293;0;50;0,335338830947876;0;50
100;10;0,012733221054077148;0;56;0,012953519821166992;0;56;0,22641921043395996;0;56
100;55;0,013444900512695312;0;38;0,013080835342407227;0;40;0,33766889572143555;0;40
150;62;0,02065873146057129;0;53;0,0181124210357666;0;53;0,7774884700775146;0;53
50;71;0,008215904235839844;0;24;0,009109735488891602;0;24;0,05959153175354004;0;24
150;37;0,019588708877563477;0;83;0,016968727111816406;0;83;0,6409220695495605;0;83
500;28;0,11657118797302246;0;231;0,04668760299682617;0;231;10,102127075195312;0;231
50;42;0,007952451705932617;0;33;0,009033203125;0;33;0,050609588623046875;0;33
150;66;0,02021002769470215;0;60;0,01830887794494629;0;60;0,8271119594573975;0;60
500;83;0,11984419822692871;0;233;0,04937887191772461;0;233;9,775848627090454;0;233
100;59;0,014256954193115234;0;49;0,013391733169555664;0;49;0,2873225212097168;0;49
100;84;0,012746810913085938;0;46;0,012921571731567383;0;49;0,2835886478424072;0;49
250;87;0,038610219955444336;0;129;0,025670289993286133;0;129;2,274718999862671;0;129
200;9;0,029307842254638672;0;91;0,020716190338134766;0;91;1,5077054500579834;0;91
100;58;0,013495683670043945;0;52;0,013131141662597656;0;52;0,32032275199890137;0;52
500;48;0,11259078979492188;0;204;0,05161452293395996;0;204;10,249369859695435;0;204
200;25;0,03067636489868164;0;91;0,02209758758544922;0;95;1,3377437591552734;0;95
200;39;0,030451059341430664;0;90;0,021241188049316406;0;90;1,4963865280151367;0;90
150;22;0,020591020584106445;0;82;0,015729665756225586;0;82;0,6725878715515137;0;82
50;93;0,00755620002746582;0;29;0,009206533432006836;0;29;0,057248592376708984;0;29
150;28;0,019277572631835938;0;80;0,018880844116210938;0;80;0,7161881923675537;0;80
200;89;0,029365062713623047;0;98;0,02094268798828125;0;98;1,2675628662109375;0;98
50;50;0,008699178695678711;0;19;0,00945901870727539;0;20;0,06946778297424316;0;20
1000;88;0,36152219772338867;0;482;0,11426305770874023;0;482;45,02594542503357;0;482
250;88;0,04041767120361328;0;144;0,025838613510131836;0;144;2,0578677654266357;0;144
1000;2;0,3576540946960449;0;481;0,10885024070739746;0;481;48,039230823516846;0;481
100;35;0,014342308044433594;0;53;0,013550996780395508;0;53;0,26315975189208984;0;53
150;86;0,021984338760375977;0;65;0,017840862274169922;0;70;0,8591225147247314;0;70
50;52;0,008167028427124023;0;17;0,00945281982421875;0;17;0,07726216316223145;0;17
500;47;0,11341404914855957;0;240;0,05249738693237305;0;240;11,018249273300171;0;240
250;9;0,03905344009399414;0;134;0,02506542205810547;0;134;1,9960286617279053;0;134
150;49;0,020831823348999023;0;48;0,01796579360961914;0;48;0,8786132335662842;0;48
250;31;0,038367509841918945;0;120;0,026125669479370117;0;120;2,3460371494293213;0;120
50;56;0,0077402591705322266;0;25;0,009390115737915039;0;25;0,05064058303833008;0;25
200;3;0,029004335403442383;0;96;0,023062705993652344;0;97;1,3363699913024902;0;97
100;9;0,013529062271118164;0;52;0,012569665908813477;0;56;0,25220179557800293;0;56
200;14;0,027545452117919922;0;107;0,02028679847717285;0;108;1,1505441665649414;0;108
1000;81;0,3525834083557129;0;504;0,09787750244140625;0;504;43,55584907531738;0;504
150;74;0,021373987197875977;0;74;0,017655134201049805;0;74;0,7992534637451172;0;74
150;67;0,020383596420288086;0;71;0,017088890075683594;0;71;0,7105348110198975;0;71
150;44;0,019995927810668945;0;68;0,017532825469970703;0;68;0,8513262271881104;0;68
250;22;0,03799772262573242;0;118;0,025836944580078125;0;118;2,2240707874298096;0;118
100;6;0,01374197006225586;0;32;0,013475179672241211;0;32;0,35001349449157715;0;32
100;57;0,013389348983764648;0;51;0,012711524963378906;0;51;0,25866222381591797;0;51
100;3;0,01359105110168457;0;34;0,013477563858032227;0;34;0,34157705307006836;0;34
250;85;0,03983449935913086;0;116;0,02446722984313965;0;124;2,0710394382476807;0;124
100;24;0,013950347900390625;0;34;0,013363838195800781;0;37;0,29361534118652344;0;37
1000;77;0,35387372970581055;0;518;0,10232210159301758;0;518;47,302610874176025;0;518
1000;35;0,3833005428314209;0;498;0,11111712455749512;0;498;48,50548839569092;0;498
1000;82;0,37800145149230957;0;500;0,1037144660949707;0;500;43,83781599998474;0;500
1000;0;0,36998820304870605;0;455;0,11675453186035156;0;455;48,4387743473053;0;455
100;7;0,013803720474243164;0;45;0,013578653335571289;0;45;0,29301977157592773;0;45
150;98;0,02233266830444336;0;65;0,01795172691345215;0;65;0,7497177124023438;0;65
150;47;0,01966261863708496;0;82;0,016319751739501953;0;82;0,7250142097473145;0;82
500;1;0,11182522773742676;0;249;0,05024838447570801;0;249;10,316857814788818;0;249
500;0;0,11624932289123535;0;255;0,04972267150878906;0;255;9,252180337905884;0;255
200;19;0,030396699905395508;0;103;0,021692276000976562;0;103;1,4058058261871338;0;103
1000;89;0,35338473320007324;0;477;0,10729765892028809;0;477;48,798410177230835;0;477
200;98;0,02890777587890625;0;90;0,022965192794799805;0;90;1,4360506534576416;0;90
200;84;0,030716419219970703;0;111;0,020514488220214844;0;111;1,3240447044372559;0;111
50;79;0,008072137832641602;0;25;0,009407758712768555;0;25;0,05556750297546387;0;25
150;32;0,019739151000976562;0;69;0,018229246139526367;0;69;0,8225922584533691;0;69
1000;79;0,35024166107177734;0;527;0,10204935073852539;0;527;43,292405128479004;0;527
100;86;0,014635801315307617;0;38;0,013953447341918945;0;38;0,34356689453125;0;38
100;34;0,014267683029174805;0;39;0,013512611389160156;0;41;0,299558162689209;0;41
500;38;0,1139216423034668;0;236;0,05249500274658203;0;236;10,496015548706055;0;236
500;90;0,11480259895324707;0;245;0,04399824142456055;0;245;10,060468912124634;0;245
50;43;0,008777856826782227;0;26;0,009225845336914062;0;26;0,06765389442443848;0;26
100;88;0,013805150985717773;0;26;0,014324188232421875;0;26;0,363189697265625;0;26
250;71;0,03897404670715332;0;115;0,024399518966674805;0;115;2,2265326976776123;0;115
50;34;0,008397579193115234;0;22;0,00948190689086914;0;22;0,06371355056762695;0;22
50;41;0,007508993148803711;0;29;0,008960723876953125;0;29;0,05851411819458008;0;29
150;16;0,019479036331176758;0;64;0,01684284210205078;0;64;0,693234920501709;0;64
1000;21;0,3521108627319336;0;518;0,09471416473388672;0;518;49,711774826049805;0;518
200;67;0,0304715633392334;0;87;0,022394418716430664;0;87;1,4587206840515137;0;87
100;33;0,013818502426147461;0;55;0,013668537139892578;0;55;0,3388512134552002;0;55
500;31;0,11393022537231445;0;213;0,052825212478637695;0;215;10,529995918273926;0;215
250;32;0,0401611328125;0;149;0,025144577026367188;0;149;2,2028043270111084;0;149
150;84;0,020968198776245117;0;61;0,017426729202270508;0;61;0,7634668350219727;0;61
100;13;0,013466119766235352;0;47;0,013151407241821289;0;47;0,28658246994018555;0;47
100;87;0,013648509979248047;0;62;0,012041091918945312;0;62;0,22579169273376465;0;62
500;15;0,11300063133239746;0;249;0,047278404235839844;0;249;10,805150985717773;0;249
250;64;0,04206061363220215;0;115;0,025034189224243164;0;117;2,0032665729522705;0;117
200;0;0,029013633728027344;0;101;0,020877361297607422;0;101;1,351428508758545;0;101
1000;9;0,3455541133880615;0;541;0,10305428504943848;0;541;41,1757595539093;0;541
150;92;0,020609378814697266;0;61;0,017882108688354492;0;61;0,7244625091552734;0;61
100;91;0,013641834259033203;0;36;0,013041019439697266;0;36;0,302734375;0;36
1000;18;0,35534143447875977;0;464;0,10630011558532715;0;464;45,913703203201294;0;464
200;87;0,030612707138061523;0;83;0,023162364959716797;0;83;1,7411797046661377;0;83
200;33;0,02841472625732422;0;92;0,02118968963623047;0;93;1,2963135242462158;0;93
50;2;0,007852315902709961;0;26;0,008844614028930664;0;27;0,05252861976623535;0;27
500;2;0,10763859748840332;0;262;0,05022573471069336;0;262;9,487544298171997;0;262
500;93;0,11449193954467773;0;213;0,050772905349731445;0;216;9,495306253433228;0;216
250;80;0,039092302322387695;0;145;0,02507472038269043;0;145;2,0240883827209473;0;145
200;27;0,029251813888549805;0;85;0,02139568328857422;0;85;1,3129117488861084;0;85
250;97;0,04026961326599121;0;112;0,024233102798461914;0;113;2,1599807739257812;0;113
200;15;0,03014349937438965;0;98;0,02099609375;0;98;1,4999985694885254;0;98
1000;4;0,3521120548248291;0;508;0,11420226097106934;0;508;45,8400719165802;0;508
150;8;0,022301435470581055;0;71;0,01727461814880371;0;71;0,7563483715057373;0;71
150;55;0,02199697494506836;0;75;0,016663551330566406;0;75;0,708310604095459;0;75
200;62;0,028221845626831055;0;84;0,021486997604370117;0;84;1,3818349838256836;0;84
150;25;0,020223140716552734;0;69;0,01681375503540039;0;69;0,6945376396179199;0;69
1000;10;0,3605384826660156;0;517;0,11131644248962402;0;517;44,01512026786804;0;517
100;66;0,014188528060913086;0;44;0,01354217529296875;0;48;0,29327845573425293;0;48
100;85;0,013930320739746094;0;33;0,013899087905883789;0;37;0,34624290466308594;0;37
500;75;0,11071538925170898;0;261;0,05061912536621094;0;261;10,055880308151245;0;261
250;66;0,040322303771972656;0;103;0,026785612106323242;0;104;2,264582395553589;0;104
500;78;0,11190962791442871;0;226;0,04898262023925781;0;226;10,686959743499756;0;226
50;32;0,008200407028198242;0;23;0,009290695190429688;0;23;0,06015801429748535;0;23
250;42;0,03956866264343262;0;104;0,025935888290405273;0;104;2,4696853160858154;0;104
250;5;0,03892326354980469;0;128;0,02505636215209961;0;128;2,331949472427368;0;128
100;42;0,014328956604003906;0;47;0,012887001037597656;0;47;0,306011438369751;0;47
50;63;0,0074727535247802734;0;32;0,00894474983215332;0;32;0,05787301063537598;0;32
250;78;0,03958010673522949;0;118;0,02575373649597168;0;118;2,2152040004730225;0;118
100;23;0,013039112091064453;0;61;0,012572288513183594;0;61;0,24133539199829102;0;61
150;14;0,020673513412475586;0;78;0,016249418258666992;0;78;0,676837682723999;0;78
50;33;0,008619308471679688;0;31;0,00918126106262207;0;31;0,07518601417541504;0;31
200;68;0,038332223892211914;0;85;0,02156209945678711;0;85;1,6677911281585693;0;85
200;55;0,02852034568786621;0;94;0,020526409149169922;0;95;1,305457592010498;0;95
500;16;0,11137270927429199;0;242;0,04947471618652344;0;242;11,14096450805664;0;242
100;20;0,01440119743347168;0;38;0,013486146926879883;0;38;0,33248186111450195;0;38
500;18;0,11615943908691406;0;249;0,04867982864379883;0;249;9,814366579055786;0;249
1000;98;0,3591580390930176;0;502;0,09647703170776367;0;502;46,58945417404175;0;502
50;23;0,007603883743286133;0;30;0,009083032608032227;0;30;0,059203147888183594;0;30
100;83;0,01352071762084961;0;55;0,013641119003295898;0;55;0,27451491355895996;0;55
150;26;0,020728588104248047;0;83;0,017981529235839844;0;83;0,6853728294372559;0;83
250;90;0,038729190826416016;0;139;0,024405479431152344;0;139;2,0913612842559814;0;139
1000;6;0,37066102027893066;0;508;0,10514354705810547;0;508;42,69657826423645;0;508
50;25;0,008363485336303711;0;21;0,009843826293945312;0;23;0,08398580551147461;0;23
100;18;0,014447689056396484;0;50;0,01373291015625;0;54;0,29862475395202637;0;54
50;75;0,008280754089355469;0;19;0,009378671646118164;0;19;0,06934809684753418;0;19
250;65;0,04253053665161133;0;114;0,02553558349609375;0;114;2,5812273025512695;0;114
200;26;0,028174638748168945;0;78;0,02602100372314453;0;81;1,4882245063781738;0;81
100;17;0,013772249221801758;0;39;0,013376235961914062;0;39;0,3584616184234619;0;39
500;5;0,11293983459472656;0;249;0,049103498458862305;0;249;9,454580545425415;0;249
500;84;0,11612153053283691;0;279;0,044765472412109375;0;279;8,888036727905273;0;279
1000;90;0,3685019016265869;0;427;0,12474560737609863;0;427;46,96266412734985;0;427
500;60;0,12720608711242676;0;237;0,05131721496582031;0;237;10,160592555999756;0;237
150;4;0,020958662033081055;0;76;0,018370389938354492;0;76;0,7666165828704834;0;76
100;2;0,013596773147583008;0;48;0,01290583610534668;0;48;0,3110239505767822;0;48
1000;60;0,35819125175476074;0;524;0,10910487174987793;0;524;43,968631744384766;0;524
200;30;0,03080010414123535;0;84;0,022267580032348633;0;84;1,5320937633514404;0;84
250;79;0,0377659797668457;0;128;0,02547764778137207;0;128;2,157710552215576;0;128
1000;15;0,3553938865661621;0;511;0,10440945625305176;0;511;46,35767197608948;0;511
100;97;0,014331579208374023;0;45;0,01349020004272461;0;45;0,28410863876342773;0;45
250;62;0,040885210037231445;0;133;0,026308298110961914;0;133;2,3020951747894287;0;133
200;38;0,030070066452026367;0;94;0,021486759185791016;0;94;1,3537042140960693;0;94
1000;94;0,35694265365600586;0;496;0,11528611183166504;0;496;45,78923010826111;0;496
200;88;0,030158519744873047;0;79;0,022536754608154297;0;80;1,6680402755737305;0;80
200;54;0,029068470001220703;0;107;0,0208590030670166;0;107;1,3586888313293457;0;107
1000;7;0,3530540466308594;0;448;0,1098775863647461;0;449;46,365760803222656;0;449
250;19;0,04253530502319336;0;121;0,026787281036376953;0;126;2,4277231693267822;0;126
250;40;0,03969216346740723;0;118;0,02735447883605957;0;118;2,103975772857666;0;118
200;31;0,029599428176879883;0;78;0,02103710174560547;0;78;1,3063244819641113;0;78
1000;92;0,3467752933502197;0;488;0,09984898567199707;0;488;48,7112603187561;0;488
50;22;0,00784754753112793;0;26;0,009502410888671875;0;26;0,059391021728515625;0;26
250;69;0,047217369079589844;0;115;0,026533126831054688;0;115;2,0117874145507812;0;115
150;71;0,021081924438476562;0;72;0,017730236053466797;0;72;0,8199722766876221;0;72
50;13;0,008051156997680664;0;28;0,008646726608276367;0;28;0,05316519737243652;0;28
1000;54;0,36069345474243164;0;489;0,10266900062561035;0;489;44,69709873199463;0;489
500;40;0,11621379852294922;0;224;0,05438804626464844;0;224;9,963499307632446;0;224
500;36;0,11724328994750977;0;247;0,0503995418548584;0;247;9,553014993667603;0;247
50;99;0,008150100708007812;0;22;0,009349584579467773;0;23;0,07361865043640137;0;23
250;92;0,03970813751220703;0;142;0,025249958038330078;0;142;2,151064395904541;0;142
100;30;0,014478683471679688;0;39;0,013349294662475586;0;39;0,337202787399292;0;39
150;59;0,02037334442138672;0;71;0,016428232192993164;0;71;0,7014055252075195;0;71
50;72;0,008090972900390625;0;21;0,009046077728271484;0;21;0,05866885185241699;0;21
1000;62;0,3664529323577881;0;465;0,09824252128601074;0;465;46,31361937522888;0;465
100;19;0,013715267181396484;0;53;0,013346433639526367;0;53;0,2705841064453125;0;53
200;2;0,029456615447998047;0;101;0,021588802337646484;0;101;1,3161654472351074;0;101
250;37;0,03874325752258301;0;127;0,026114940643310547;0;128;2,4078617095947266;0;128
200;11;0,028281688690185547;0;118;0,019745349884033203;0;118;1,1280882358551025;0;118
150;29;0,020466327667236328;0;73;0,017522573471069336;0;73;0,7605583667755127;0;73
500;54;0,1126410961151123;0;233;0,04947519302368164;0;233;10,140833139419556;0;233
50;19;0,008046150207519531;0;26;0,009332418441772461;0;26;0,0712590217590332;0;26
50;57;0,007871389389038086;0;20;0,013076305389404297;0;20;0,0655219554901123;0;20
1000;86;0,3675990104675293;0;523;0,10603618621826172;0;524;43,25970721244812;0;524
500;17;0,11934113502502441;0;262;0,0501096248626709;0;262;9,170029640197754;0;262
100;50;0,013816595077514648;0;54;0,013303995132446289;0;54;0,2689371109008789;0;54
200;7;0,028403043746948242;0;94;0,020795583724975586;0;95;1,3350627422332764;0;95
200;70;0,029596567153930664;0;96;0,021402359008789062;0;96;1,4057865142822266;0;96
50;82;0,008093595504760742;0;21;0,009521484375;0;21;0,07099151611328125;0;21
150;85;0,026020050048828125;0;76;0,016725778579711914;0;76;0,7463397979736328;0;76
1000;45;0,3551325798034668;0;479;0,11669516563415527;0;479;52,05775237083435;0;479
100;36;0,014119386672973633;0;47;0,013735055923461914;0;47;0,30439114570617676;0;47
50;74;0,008225679397583008;0;18;0,009229183197021484;0;18;0,0635533332824707;0;18
250;17;0,03744697570800781;0;141;0,024251461029052734;0;141;2,0846948623657227;0;141
1000;57;0,3633286952972412;0;460;0,10422492027282715;0;462;47,04973340034485;0;462
150;20;0,021358013153076172;0;70;0,01726365089416504;0;70;0,7357606887817383;0;70
100;70;0,013707637786865234;0;35;0,013344287872314453;0;35;0,3763890266418457;0;35
500;85;0,11375284194946289;0;257;0,046811819076538086;0;257;8,870477676391602;0;257
50;35;0,0082855224609375;0;27;0,00948476791381836;0;29;0,05601763725280762;0;29
200;80;0,028497695922851562;0;80;0,02143716812133789;0;80;1,3255877494812012;0;80
1000;99;0,36641836166381836;0;480;0,11334800720214844;0;480;46,15557503700256;0;480
100;26;0,013678550720214844;0;44;0,013905763626098633;0;44;0,3049774169921875;0;44
1000;49;0,36997056007385254;0;435;0,11505913734436035;0;435;46,51391053199768;0;435
50;16;0,007904529571533203;0;22;0,009372472763061523;0;22;0,0705869197845459;0;22
1000;80;0,36684751510620117;0;524;0,10285115242004395;0;527;42,79745960235596;0;527
500;99;0,12180829048156738;0;273;0,05114436149597168;0;273;9,714126110076904;0;273
250;61;0,04022812843322754;0;114;0,026346683502197266;0;114;2,20644474029541;0;114
250;76;0,03777599334716797;0;121;0,0247347354888916;0;121;1,9956393241882324;0;121
100;62;0,014133930206298828;0;47;0,013028860092163086;0;47;0,2811908721923828;0;47
1000;70;0,3702809810638428;0;507;0,09640288352966309;0;507;44,01782202720642;0;507
1000;74;0,36739325523376465;0;447;0,11766767501831055;0;447;47,69009232521057;0;447
250;41;0,0402529239654541;0;109;0,027164936065673828;0;109;2,2776753902435303;0;109
250;70;0,04312562942504883;0;121;0,025104999542236328;0;121;2,2694828510284424;0;121
100;74;0,013586282730102539;0;41;0,013232946395874023;0;41;0,2940218448638916;0;41
500;25;0,10961008071899414;0;237;0,048827171325683594;0;237;9,379655361175537;0;237
1000;47;0,362807035446167;0;498;0,10089683532714844;0;498;48,77663612365723;0;498
50;26;0,008257627487182617;0;30;0,00954747200012207;0;30;0,0712289810180664;0;30
500;43;0,11841511726379395;0;250;0,05399799346923828;0;250;10,334214448928833;0;250
100;47;0,014055252075195312;0;40;0,013946533203125;0;42;0,3154613971710205;0;42
150;7;0,0200502872467041;0;77;0,016837596893310547;0;77;0,7050538063049316;0;77
500;79;0,11449551582336426;0;238;0,051284074783325195;0;238;10,218109846115112;0;238
250;13;0,040532827377319336;0;117;0,025788545608520508;0;117;2,107383966445923;0;117
200;60;0,029536962509155273;0;97;0,020812273025512695;0;99;1,264676570892334;0;99
150;5;0,02052593231201172;0;68;0,016625404357910156;0;69;0,6581134796142578;0;69
150;43;0,02048468589782715;0;72;0,017268657684326172;0;72;0,8001770973205566;0;72
150;68;0,020766258239746094;0;55;0,017378807067871094;0;55;0,8944122791290283;0;55
200;93;0,028812646865844727;0;105;0,020891904830932617;0;106;1,3202388286590576;0;106
100;15;0,013825416564941406;0;54;0,01311182975769043;0;54;0,27962160110473633;0;54
500;91;0,11284184455871582;0;211;0,04942631721496582;0;212;9,793236255645752;0;212
500;50;0,1142570972442627;0;243;0,0492551326751709;0;243;10,399951219558716;0;243
200;78;0,02901315689086914;0;96;0,0209808349609375;0;96;1,2008781433105469;0;96
250;95;0,040400028228759766;0;95;0,02479267120361328;0;95;2,358405590057373;0;95
250;28;0,039788007736206055;0;125;0,02448415756225586;0;125;2,135241985321045;0;125
1000;55;0,35364437103271484;0;476;0,1111304759979248;0;476;46,232022762298584;0;476
100;12;0,014312744140625;0;57;0,014696121215820312;0;57;0,330672025680542;0;57
200;97;0,028908252716064453;0;93;0,021330595016479492;0;94;1,1799571514129639;0;94
500;12;0,11426448822021484;0;234;0,046478986740112305;0;235;9,332557916641235;0;235
1000;51;0,36705589294433594;0;483;0,10627412796020508;0;484;45,43961524963379;0;484
500;32;0,11778593063354492;0;273;0,0515894889831543;0;273;9,304355144500732;0;273
100;8;0,014132499694824219;0;36;0,013775348663330078;0;39;0,3543212413787842;0;39
200;85;0,027637243270874023;0;86;0,021285533905029297;0;86;1,3734016418457031;0;86
150;31;0,020869970321655273;0;73;0,017273426055908203;0;73;0,777984619140625;0;73
1000;14;0,36072874069213867;0;478;0,10925650596618652;0;478;44,4959933757782;0;478
200;8;0,028679847717285156;0;108;0,021338701248168945;0;108;1,1740598678588867;0;108
500;52;0,11095404624938965;0;222;0,048470258712768555;0;222;10,005189657211304;0;222
250;51;0,04096269607543945;0;117;0,027090072631835938;0;117;2,3534398078918457;0;117
150;94;0,020631074905395508;0;75;0,016914844512939453;0;76;0,744225025177002;0;76
250;2;0,03788638114929199;0;139;0,025143146514892578;0;139;2,19551157951355;0;139
100;37;0,013536453247070312;0;57;0,012573003768920898;0;57;0,2472536563873291;0;57
250;29;0,04197525978088379;0;120;0,02454233169555664;0;120;2,086155414581299;0;120
500;39;0,11395072937011719;0;256;0,04985475540161133;0;256;9,98046350479126;0;256
1000;17;0,35486412048339844;0;528;0,11504960060119629;0;528;39,59449219703674;0;528
1000;29;0,3720664978027344;0;481;0,11274909973144531;0;482;45,01205611228943;0;482
200;34;0,03075098991394043;0;79;0,02252054214477539;0;79;1,4378719329833984;0;79
100;49;0,014104366302490234;0;45;0,013303756713867188;0;45;0,3527946472167969;0;45
200;92;0,029443740844726562;0;99;0,02160930633544922;0;99;1,34279465675354;0;99
200;75;0,029477596282958984;0;78;0,022492647171020508;0;78;1,4710443019866943;0;78
500;89;0,1139528751373291;0;215;0,04770302772521973;0;215;10,649521827697754;0;215
50;24;0,008087396621704102;0;22;0,0095672607421875;0;22;0,07115340232849121;0;22
50;58;0,0077016353607177734;0;28;0,009267568588256836;0;28;0,05320620536804199;0;28
150;93;0,020447254180908203;0;82;0,016085147857666016;0;82;0,6531944274902344;0;82
150;58;0,020392417907714844;0;70;0,01683664321899414;0;70;0,7447710037231445;0;70
1000;26;0,35577392578125;0;465;0,10689830780029297;0;465;46,688175201416016;0;465
250;16;0,041341543197631836;0;107;0,026814699172973633;0;107;2,31962251663208;0;107
500;62;0,11475753784179688;0;263;0,0463414192199707;0;263;9,118416786193848;0;263
100;69;0,013491153717041016;0;59;0,01275324821472168;0;59;0,23127365112304688;0;59
100;92;0,01409149169921875;0;58;0,01339578628540039;0;58;0,356276273727417;0;58
100;11;0,013753414154052734;0;51;0,013071298599243164;0;51;0,27912378311157227;0;51
150;96;0,020131587982177734;0;72;0,016493797302246094;0;72;0,7397022247314453;0;72
100;71;0,013482809066772461;0;51;0,012963056564331055;0;51;0,2816588878631592;0;51
50;14;0,007470607757568359;0;28;0,008821249008178711;0;28;0,06334924697875977;0;28
500;14;0,1125650405883789;0;256;0,05254030227661133;0;260;9,89978837966919;0;260
250;39;0,04235363006591797;0;123;0,02574753761291504;0;123;2,0650317668914795;0;123
500;59;0,1216433048248291;0;235;0,046544551849365234;0;250;10,016748189926147;0;250
500;81;0,1127634048461914;0;215;0,04892468452453613;0;216;10,986633062362671;0;216
250;52;0,040474891662597656;0;118;0,026500940322875977;0;118;2,226249933242798;0;118
50;77;0,008290290832519531;0;22;0,009479999542236328;0;24;0,05428767204284668;0;24
100;25;0,012670278549194336;0;48;0,01320195198059082;0;48;0,3636939525604248;0;48
250;44;0,04246830940246582;0;122;0,024512529373168945;0;130;2,1259663105010986;0;130
100;63;0,01380610466003418;0;47;0,013164520263671875;0;47;0,29931211471557617;0;47
1000;30;0,3691678047180176;0;498;0,0948033332824707;0;499;45,7614905834198;0;499
50;20;0,008188962936401367;0;27;0,00967860221862793;0;27;0,06929588317871094;0;27
200;10;0,030690670013427734;0;112;0,02156209945678711;0;112;1,2156555652618408;0;112
50;46;0,008445024490356445;0;23;0,009651422500610352;0;23;0,06583452224731445;0;23
200;45;0,02961587905883789;0;87;0,02214503288269043;0;87;1,5309216976165771;0;87
50;87;0,00794529914855957;0;24;0,009451627731323242;0;25;0,06835150718688965;0;25
100;60;0,013198375701904297;0;54;0,0160825252532959;0;54;0,27207088470458984;0;54
50;95;0,00782465934753418;0;23;0,009086847305297852;0;23;0,06488156318664551;0;23
200;49;0,03037881851196289;0;91;0,021127939224243164;0;100;1,15816068649292;0;100
1000;13;0,3679373264312744;0;494;0,1038815975189209;0;494;44,897584438323975;0;494
1000;78;0,38756847381591797;0;503;0,11243271827697754;0;504;41,95732545852661;0;504
1000;25;0,3673281669616699;0;449;0,09757542610168457;0;449;45,11644172668457;0;449
50;1;0,008138656616210938;0;18;0,009850502014160156;0;18;0,07949280738830566;0;18
150;11;0,025014162063598633;0;65;0,018157005310058594;0;65;0,7953853607177734;0;65
200;94;0,030061006546020508;0;97;0,02132868766784668;0;97;1,3918843269348145;0;97
200;90;0,0290982723236084;0;95;0,021759986877441406;0;95;1,512815237045288;0;95
250;0;0,0397486686706543;0;112;0,024977922439575195;0;114;2,2658514976501465;0;114
500;57;0,11023211479187012;0;260;0,05020761489868164;0;260;9,845171451568604;0;260
150;51;0,021613359451293945;0;81;0,01782512664794922;0;81;0,7760014533996582;0;81
100;77;0,013679265975952148;0;41;0,013161897659301758;0;42;0,34176135063171387;0;42
200;83;0,0285189151763916;0;101;0,02088761329650879;0;101;1,280839204788208;0;101
50;10;0,008755207061767578;0;25;0,008908510208129883;0;25;0,06322240829467773;0;25
250;99;0,04045557975769043;0;96;0,024481534957885742;0;96;2,286533832550049;0;96
250;84;0,03835129737854004;0;113;0,025295734405517578;0;115;2,3761656284332275;0;115
200;82;0,029937267303466797;0;97;0,02111077308654785;0;98;1,316091537475586;0;98
150;97;0,020745515823364258;0;75;0,016688823699951172;0;75;0,7295279502868652;0;75
50;39;0,008010387420654297;0;26;0,009170055389404297;0;26;0,06812715530395508;0;26
250;33;0,048009634017944336;0;125;0,02554488182067871;0;125;2,3535451889038086;0;125
250;11;0,0392451286315918;0;125;0,02456521987915039;0;125;2,1029109954833984;0;125
1000;19;0,35166335105895996;0;507;0,09890317916870117;0;509;42,58798313140869;0;509
500;21;0,11444854736328125;0;226;0,0531466007232666;0;226;10,190552711486816;0;226
100;48;0,013549327850341797;0;37;0,013744831085205078;0;38;0,34133148193359375;0;38
200;79;0,02808213233947754;0;100;0,02167344093322754;0;101;1,4554924964904785;0;101
200;21;0,029937028884887695;0;94;0,021383047103881836;0;95;1,4276578426361084;0;95
1000;75;0,3669583797454834;0;483;0,11848044395446777;0;483;48,33735203742981;0;483
1000;8;0,3625001907348633;0;519;0,09406042098999023;0;524;42,7545952796936;0;524
1000;28;0,3858633041381836;0;536;0,09567046165466309;0;536;42,39718699455261;0;536
1000;83;0,37064433097839355;0;447;0,11014294624328613;0;447;46,52295780181885;0;447
150;63;0,020569324493408203;0;82;0,017571449279785156;0;83;0,7600288391113281;0;83
1000;65;0,3464322090148926;0;533;0,1060647964477539;0;533;46,753100633621216;0;533
50;37;0,008103370666503906;0;21;0,009331703186035156;0;21;0,05929112434387207;0;21
250;55;0,041445016860961914;0;119;0,02595210075378418;0;119;2,2467286586761475;0;119
100;78;0,01415109634399414;0;53;0,013450860977172852;0;53;0,369124174118042;0;53
1000;11;0,3523871898651123;0;518;0,10956168174743652;0;518;44,35411739349365;0;518
1000;12;0,381040096282959;0;514;0,11031937599182129;0;514;43,00668525695801;0;514
100;27;0,01371312141418457;0;38;0,01420140266418457;0;38;0,3756730556488037;0;38
1000;5;0,35881781578063965;0;484;0,10758256912231445;0;484;46,30134654045105;0;484
200;63;0,029507875442504883;0;117;0,021231889724731445;0;117;1,2283635139465332;0;117
1000;68;0,3609755039215088;0;436;0,11006999015808105;0;436;51,383854389190674;0;436
200;51;0,030796051025390625;0;94;0,021593332290649414;0;94;1,3983874320983887;0;94
1000;72;0,35867810249328613;0;476;0,10935378074645996;0;477;51,77482771873474;0;477
500;42;0,11933374404907227;0;223;0,051833152770996094;0;223;9,786616086959839;0;223
500;33;0,11598968505859375;0;240;0,04540252685546875;0;243;9,57654070854187;0;243
50;55;0,007903814315795898;0;22;0,009863138198852539;0;22;0,08035755157470703;0;22
150;6;0,020753145217895508;0;68;0,01738762855529785;0;68;0,8168466091156006;0;68
250;72;0,04100155830383301;0;106;0,025990962982177734;0;106;2,1190013885498047;0;106
250;68;0,039517879486083984;0;140;0,023529767990112305;0;140;1,9796037673950195;0;140
1000;20;0,3598148822784424;0;496;0,10811066627502441;0;496;47,48901391029358;0;496
50;60;0,00864863395690918;0;24;0,009518146514892578;0;24;0,07634854316711426;0;24
250;57;0,0474238395690918;0;126;0,02655315399169922;0;126;2,192777156829834;0;126
50;81;0,00782012939453125;0;26;0,009495973587036133;0;29;0,06672334671020508;0;29
500;64;0,11038804054260254;0;245;0,06706023216247559;0;245;10,745551824569702;0;245
200;91;0,02903294563293457;0;92;0,02362656593322754;0;92;1,6235864162445068;0;92
500;80;0,11349368095397949;0;194;0,051184892654418945;0;196;10,039183378219604;0;196
500;45;0,11413383483886719;0;258;0,04893064498901367;0;258;9,770470142364502;0;258
250;24;0,040921688079833984;0;142;0,025614023208618164;0;142;2,213773727416992;0;142
50;11;0,007862329483032227;0;23;0,009521722793579102;0;23;0,06712579727172852;0;23
200;81;0,03354597091674805;0;103;0,021216630935668945;0;103;1,4875156879425049;0;103
150;70;0,019923925399780273;0;74;0,01654362678527832;0;74;0,7230486869812012;0;74
150;81;0,020581483840942383;0;80;0,016918659210205078;0;80;0,6663949489593506;0;80
250;73;0,03823399543762207;0;129;0,0251767635345459;0;129;2,0932040214538574;0;129
200;42;0,030375957489013672;0;86;0,020565271377563477;0;86;1,2941527366638184;0;86
50;51;0,00788259506225586;0;24;0,009353399276733398;0;24;0,06728315353393555;0;24
150;38;0,020890474319458008;0;82;0,016284942626953125;0;82;0,6432020664215088;0;82
500;53;0,11322307586669922;0;256;0,04680585861206055;0;258;9,297756433486938;0;258
500;86;0,11784029006958008;0;261;0,04682445526123047;0;261;9,573296785354614;0;261
200;35;0,029633045196533203;0;93;0,02193760871887207;0;94;1,3154997825622559;0;94
50;21;0,007776021957397461;0;27;0,009499788284301758;0;27;0,0718681812286377;0;27
200;74;0,03474259376525879;0;103;0,021049022674560547;0;103;1,3345050811767578;0;103
500;56;0,11032629013061523;0;261;0,048909664154052734;0;261;9,62812066078186;0;261
500;30;0,11910676956176758;0;257;0,04936623573303223;0;257;9,706599950790405;0;257
100;40;0,014210224151611328;0;38;0,013521194458007812;0;39;0,3240945339202881;0;39
150;36;0,019069910049438477;0;61;0,01717233657836914;0;61;0,6996595859527588;0;61
1000;61;0,3544657230377197;0;470;0,10511064529418945;0;470;46,806073904037476;0;470
250;91;0,04030418395996094;0;123;0,026722431182861328;0;123;2,203883409500122;0;123
250;54;0,039266347885131836;0;136;0,024474143981933594;0;138;1,913672924041748;0;138
500;65;0,11415791511535645;0;251;0,045670509338378906;0;251;9,699307918548584;0;251
50;15;0,009085416793823242;0;27;0,00957489013671875;0;27;0,07522416114807129;0;27
200;58;0,036360740661621094;0;78;0,02124166488647461;0;78;1,3237924575805664;0;78
1000;69;0,3566758632659912;0;496;0,09000205993652344;0;496;46,31548190116882;0;496
1000;48;0,36462879180908203;0;538;0,10683465003967285;0;538;39,56537842750549;0;538
100;90;0,01338648796081543;0;55;0,01313018798828125;0;55;0,26651906967163086;0;55
1000;27;0,3590967655181885;0;473;0,1150515079498291;0;473;48,78288149833679;0;473
1000;22;0,3750796318054199;0;509;0,10769414901733398;0;509;45,098721742630005;0;509
250;46;0,04214835166931152;0;113;0,026340484619140625;0;113;2,210001230239868;0;113
50;76;0,00825357437133789;0;26;0,009521722793579102;0;26;0,06666159629821777;0;26
500;67;0,1139383316040039;0;221;0,06632566452026367;0;221;11,373401165008545;0;221
1000;64;0,36557555198669434;0;480;0,10201811790466309;0;480;47,07437252998352;0;480
200;66;0,028826475143432617;0;106;0,021970510482788086;0;107;1,3999121189117432;0;107
250;43;0,03899097442626953;0;126;0,02465224266052246;0;126;2,1431641578674316;0;126
50;84;0,008419990539550781;0;22;0,009509563446044922;0;22;0,06040215492248535;0;22
500;7;0,1180727481842041;0;221;0,06760048866271973;0;223;9,882957458496094;0;223
200;20;0,029619932174682617;0;69;0,024206161499023438;0;69;1,6570911407470703;0;69
500;58;0,11402726173400879;0;234;0,051566362380981445;0;234;10,24794888496399;0;234
50;85;0,008084535598754883;0;28;0,009070396423339844;0;28;0,059035301208496094;0;28
250;8;0,038983821868896484;0;137;0,025313615798950195;0;138;2,2899868488311768;0;138
50;92;0,007740974426269531;0;29;0,009051322937011719;0;30;0,0629119873046875;0;30
50;80;0,0075321197509765625;0;21;0,00886678695678711;0;21;0,06926560401916504;0;21
200;37;0,02908015251159668;0;109;0,0224001407623291;0;109;1,2181949615478516;0;109
150;3;0,021378755569458008;0;86;0,015816688537597656;0;86;0,5830967426300049;0;86
150;80;0,020320653915405273;0;69;0,017595767974853516;0;69;0,8748409748077393;0;69
50;89;0,011252880096435547;0;20;0,009080171585083008;0;20;0,06562447547912598;0;20
150;13;0,02125263214111328;0;50;0,018114566802978516;0;50;0,890200138092041;0;50
50;45;0,008008003234863281;0;20;0,009078264236450195;0;20;0,06840324401855469;0;20
150;61;0,020758867263793945;0;83;0,01727128028869629;0;83;0,7030940055847168;0;83
1000;93;0,35488271713256836;0;501;0,09192323684692383;0;504;43,16003131866455;0;504
200;47;0,02990126609802246;0;103;0,021986007690429688;0;103;1,3023192882537842;0;103
200;95;0,030433177947998047;0;90;0,021074533462524414;0;91;1,2568330764770508;0;91
250;53;0,03888058662414551;0;110;0,025751590728759766;0;111;2,310758590698242;0;111
100;41;0,014313936233520508;0;41;0,013079166412353516;0;41;0,2866349220275879;0;41
50;69;0,00818634033203125;0;22;0,008932828903198242;0;22;0,058515310287475586;0;22
500;41;0,11115694046020508;0;210;0,04900383949279785;0;212;10,711610317230225;0;212
1000;73;0,3515934944152832;0;470;0,1061699390411377;0;471;43,469831228256226;0;471
500;46;0,11858224868774414;0;249;0,05315685272216797;0;249;9,766912698745728;0;249
1000;32;0,3539736270904541;0;451;0,1168205738067627;0;451;45,9466655254364;0;451
200;17;0,03124094009399414;0;92;0,02133774757385254;0;96;1,2846484184265137;0;96
1000;3;0,3565177917480469;0;456;0,09936165809631348;0;461;46,98950505256653;0;461
500;74;0,114471435546875;0;243;0,05212903022766113;0;243;10,219966173171997;0;243
250;60;0,04106020927429199;0;111;0,026989459991455078;0;114;2,339231014251709;0;114
250;3;0,039786577224731445;0;105;0,025392532348632812;0;105;2,3585808277130127;0;105
1000;96;0,3549926280975342;0;454;0,1043543815612793;0;454;49,00379729270935;0;454
100;0;0,014873266220092773;0;31;0,014467716217041016;0;47;0,37947988510131836;0;47
200;64;0,02982473373413086;0;99;0,021485090255737305;0;99;1,2960176467895508;0;99
1000;44;0,3570106029510498;0;494;0,10958647727966309;0;494;45,34990167617798;0;494
250;35;0,04044151306152344;0;97;0,026908397674560547;0;97;2,437670946121216;0;97
1000;63;0,36288952827453613;0;480;0,10831165313720703;0;488;42,32270312309265;0;488
250;56;0,04000115394592285;0;105;0,02635955810546875;0;106;2,3286614418029785;0;106
500;26;0,11374306678771973;0;255;0,047869205474853516;0;255;9,795274257659912;0;255
150;15;0,021611928939819336;0;73;0,01740884780883789;0;75;0,7537720203399658;0;75
100;96;0,013880491256713867;0;56;0,012589454650878906;0;56;0,3100321292877197;0;56
150;50;0,02073955535888672;0;63;0,017548322677612305;0;63;0,7902107238769531;0;63
100;89;0,014072179794311523;0;43;0,012832403182983398;0;44;0,3485121726989746;0;44
500;69;0,11168265342712402;0;216;0,0507967472076416;0;216;10,00881552696228;0;216
500;96;0,11623477935791016;0;252;0,05045580863952637;0;253;10,079562902450562;0;253
200;99;0,030808448791503906;0;103;0,02287006378173828;0;103;1,234086513519287;0;103
100;43;0,013015031814575195;0;44;0,012806177139282227;0;44;0,26703953742980957;0;44
500;11;0,11107945442199707;0;227;0,048076629638671875;0;227;9,82433032989502;0;227
100;31;0,014550924301147461;0;43;0,013314247131347656;0;48;0,29846954345703125;0;48
1000;76;0,35452723503112793;0;542;0,10838627815246582;0;544;42,1477792263031;0;544
500;73;0,11948180198669434;0;251;0,05243253707885742;0;251;9,515171527862549;0;251
150;18;0,020847558975219727;0;73;0,017559528350830078;0;74;0,690673828125;0;74
250;63;0,03964424133300781;0;133;0,02399921417236328;0;133;2,032142400741577;0;133
50;17;0,008005857467651367;0;13;0,010011672973632812;0;14;0,0812382698059082;0;14
100;99;0,017956972122192383;0;39;0,013212442398071289;0;39;0,3118736743927002;0;39
500;24;0,1119985580444336;0;233;0,05003166198730469;0;233;10,473130226135254;0;233
150;77;0,02071380615234375;0;76;0,01656317710876465;0;77;0,6406002044677734;0;77
1000;46;0,3649568557739258;0;496;0,09975719451904297;0;496;44,74527144432068;0;496
200;56;0,02936100959777832;0;92;0,022593021392822266;0;93;1,4889187812805176;0;93
250;27;0,04034590721130371;0;111;0,025365829467773438;0;111;2,210878610610962;0;111
1000;59;0,35776472091674805;0;485;0,09839844703674316;0;487;44,03485608100891;0;487
50;64;0,00790715217590332;0;27;0,009623050689697266;0;27;0,07752752304077148;0;27
50;9;0,010128974914550781;0;28;0,00926661491394043;0;28;0,06527900695800781;0;28
250;45;0,042438507080078125;0;107;0,027811288833618164;0;109;2,2193596363067627;0;109
1000;85;0,3649284839630127;0;466;0,09623527526855469;0;471;51,11102294921875;0;471
100;64;0,014611482620239258;0;52;0,013831377029418945;0;52;0,31409621238708496;0;52
1000;91;0,3589601516723633;0;468;0,11864423751831055;0;475;45,01986360549927;0;475
100;38;0,014725446701049805;0;41;0,013466835021972656;0;48;0,29122400283813477;0;48
500;68;0,11323738098144531;0;237;0,050121307373046875;0;237;9,955096006393433;0;237
50;66;0,007922649383544922;0;24;0,009302139282226562;0;26;0,05614900588989258;0;26
150;33;0,019842147827148438;0;62;0,017726659774780273;0;62;0,7136363983154297;0;62
500;6;0,1102137565612793;0;232;0,04502081871032715;0;232;9,983556509017944;0;232
500;98;0,12016463279724121;0;235;0,046463727951049805;0;235;10,604769468307495;0;235
500;95;0,11815071105957031;0;257;0,04418134689331055;0;262;9,210213661193848;0;262
250;20;0,04120492935180664;0;121;0,02658700942993164;0;121;2,2131738662719727;0;121
100;22;0,015128135681152344;0;42;0,01295614242553711;0;42;0,34609174728393555;0;42
500;44;0,11304759979248047;0;251;0,0458681583404541;0;251;9,396608352661133;0;251
250;1;0,03926849365234375;0;119;0,02709484100341797;0;119;2,2895379066467285;0;119
50;86;0,00858449935913086;0;22;0,00966501235961914;0;24;0,07635760307312012;0;24
150;45;0,0214383602142334;0;77;0,016568422317504883;0;77;0,7146670818328857;0;77
1000;41;0,36175107955932617;0;479;0,10879397392272949;0;480;43,54152297973633;0;480
150;21;0,02081918716430664;0;78;0,017315387725830078;0;78;0,6995007991790771;0;78
50;96;0,008484840393066406;0;18;0,008976221084594727;0;18;0,06895875930786133;0;18
1000;87;0,3647162914276123;0;444;0,13720440864562988;0;445;51,11839938163757;0;445
100;95;0,014813899993896484;0;31;0,014144182205200195;0;31;0,38593506813049316;0;31
200;23;0,02890944480895996;0;94;0,020777225494384766;0;94;1,2594037055969238;0;94
250;82;0,039433956146240234;0;147;0,0244598388671875;0;147;2,09989070892334;0;147
150;78;0,020992755889892578;0;71;0,01647639274597168;0;71;0,7612857818603516;0;71
100;80;0,013838768005371094;0;38;0,012576818466186523;0;38;0,2775845527648926;0;38
250;34;0,03877377510070801;0;115;0,02350616455078125;0;116;2,216801404953003;0;116
100;56;0,01438450813293457;0;50;0,012699365615844727;0;50;0,29401421546936035;0;50
150;10;0,02098703384399414;0;78;0,016765832901000977;0;78;0,6580843925476074;0;78
500;19;0,11292886734008789;0;211;0,04990816116333008;0;211;11,619364261627197;0;211
250;26;0,04185175895690918;0;124;0,0266726016998291;0;124;2,282402753829956;0;124
50;3;0,00783395767211914;0;24;0,009775400161743164;0;24;0,0759735107421875;0;24
150;60;0,021701335906982422;0;72;0,016915082931518555;0;74;0,7212421894073486;0;74
200;13;0,028876066207885742;0;97;0,021082401275634766;0;97;1,252493143081665;0;97
250;58;0,03818559646606445;0;137;0,024678468704223633;0;137;1,9545774459838867;0;137
100;94;0,014689445495605469;0;38;0,013791561126708984;0;38;0,3440134525299072;0;38
150;90;0,019599437713623047;0;80;0,01694035530090332;0;80;0,7592577934265137;0;80
250;48;0,03915762901306152;0;113;0,025806903839111328;0;113;2,419342517852783;0;113
250;36;0,038695573806762695;0;139;0,024548053741455078;0;139;2,00453519821167;0;139
50;4;0,00798654556274414;0;26;0,00937342643737793;0;26;0,05762624740600586;0;26
200;22;0,02964496612548828;0;107;0,0207822322845459;0;107;1,1278445720672607;0;107
100;67;0,013721704483032227;0;51;0,012900590896606445;0;51;0,31798505783081055;0;51
250;25;0,03838086128234863;0;120;0,024953603744506836;0;121;2,236858606338501;0;121
150;91;0,021930694580078125;0;89;0,01621222496032715;0;89;0,7559635639190674;0;89
100;45;0,013549566268920898;0;46;0,013252496719360352;0;46;0,2930185794830322;0;46
150;40;0,021561145782470703;0;74;0,017479896545410156;0;74;0,8244075775146484;0;74
100;93;0,013840436935424805;0;30;0,013137578964233398;0;30;0,29486942291259766;0;30
50;83;0,007797956466674805;0;26;0,009055376052856445;0;26;0,0602259635925293;0;26
1000;84;0,36801695823669434;0;489;0,10418987274169922;0;489;45,07216429710388;0;489
200;77;0,02935647964477539;0;105;0,02151203155517578;0;105;1,4281001091003418;0;105
150;12;0,022114038467407227;0;76;0,016954660415649414;0;76;0,7279505729675293;0;76
150;41;0,01992940902709961;0;88;0,016192197799682617;0;88;0,6943373680114746;0;88
